;metric1;metric2;metric3
0;0.8888888888888888;0.7272727272727273;0.7999999999999999
