Unnamed: 0;metric1;metric2;metric3
0;0.8813559322033898;0.896551724137931;0.888888888888889
